{
  "visual": {
    "name": "calendarSlicer",
    "displayName": "Calendar Slicer",
    "guid": "CalendarSlicerHamzaMemon4F3F6C88",
    "visualClassName": "Visual",
    "version": "1.0.0",
    "description": "Calendar slicer with year/month/day picker. Selects any dates and filters the model.",
    "supportUrl": "https://learn.microsoft.com/power-bi/developer/visuals/visual-api"
  },
  "apiVersion": "5.2.0",
  "author": "Hamza Memon",
  "assets": {
    "icon": "assets/icon.png"
  },
  "style": "style/visual.less",
  "capabilities": "capabilities.json",
  "devMode": true
}